{
	"questions":[
	{
		"qno":1,
		"question":"what is value of 3+5 ?",
		"option1":"5",
		"option2":"6",
		"option3":"8",
		"option4":"3",
		"correct":"8"
	},
	{
		"qno":2,
		"question":"what is value of 3 X 5 ?",
		"option1":"15",
		"option2":"6",
		"option3":"812",
		"option4":"13",
		"correct":"15"
	},
	{
		"qno":3,
		"question":"what is value of 5-3 ?",
		"option1":"5",
		"option2":"2",
		"option3":"8",
		"option4":"3",
		"correct":"2"
	},
	{
		"qno":4,
		"question":"what is value of 3^2 ?",
		"option1":"5",
		"option2":"9",
		"option3":"81",
		"option4":"31",
		"correct":"9"
	},
	{
		"qno":5,
		"question":"what is value of 100-10 ?",
		"option1":"55",
		"option2":"63",
		"option3":"81",
		"option4":"90",
		"correct":"90"
	}
	]
}